user_id,username,password,first_name,last_name,email,last_access_date,creation_date,date_of_birth,salt
2,janesmit,e5e13aa9ac940fb54a54f4f3281d30df643ebdc933613b1ddf51e676fcafe1aa,Jane,Smith,janesmit@gmail.com,2024-10-13,2023-06-01,1990-11-08,Mx5XdS
3,mikebrown,fe5eb69e3653b82212a876dce211e5def26fe3b980cd55b8556dd5848228006d,Michael,Brown,mikebrown@gmail.com,2024-10-11,2023-05-20,1988-07-30,PXl7h5
4,emilywhit,7a9a808d10b673c2bd51c453fa51cf9c2653f13cec6775a417d89500155c08e5,Emily,White,emilywhit@gmail.com,2024-10-10,2023-07-05,1992-09-14,KoUuQH
5,alexjohn,0a0df453a90bad21f4d5882c2a766a39714d76d96d9a41ac69e0201773d81e25,Alex,Johnson,alexjohn@gmail.com,2024-10-13,2023-08-12,1995-01-17,JF7nBJ
6,sarahlee,8f87a85ec4a7d8088d6f93b00aa9f938d1e578114c454271633781183faad0b5,Sarah,Lee,sarahlee@gmail.com,2024-10-09,2023-06-30,1987-12-03,0qtHGa
7,chriswil,e1b3a8b30becee266ef2d69e0acc5a4b3eeaced92fffa2fe335ef58fdbabf06b,Christopher,Williams,chriswil@gmail.com,2024-10-12,2023-09-01,1993-04-25,3YrJj3
8,amandatay,bf8e48f945f1a031dc665276eb1135609569f4934f42516370a8404019b8b2cc,Amanda,Taylor,amandatay@gmail.com,2024-10-11,2023-07-18,1991-08-09,dKvdMC
9,robertgre,0cfef4038ee13d0c9fbf3872c500857856b07b7857f6ad3bfc2e6be279edb606,Robert,Green,robertgre@gmail.com,2024-10-10,2023-08-22,1989-06-11,fc1Rxt
10,lisaang,1919ffa1ea4b615c26d9f054a5df2bd0e65fcc5a25944effa7fc91b276f4ad1f,Lisa,Angel,lisaang@gmail.com,2024-10-13,2023-09-15,1994-02-28,Kmwy0W
203,final,024135321799b4fa897090cb5718e773d545b84f8dbd921256d15314f61a612b,zach,szelc,video@gmail.com,2024-10-29,2024-10-29,2002-10-15,DlvIOe
1,johndoe,0bab19b13d88a1ceebbb7bfa32712ecaddd75520e343b5c3d88bcb66c4f9f460,John,Doe,johndoe@gmail.com,2024-11-07,2023-05-15,1985-03-22,pByPpA
201,Zeleous,fd0c257f239d596108fa83e6ba377aaf2f29972f11011d3499d66d64913f40f4,Zachary,Szelc,zjs3854,2024-10-25,2024-10-25,2003-11-25,IFLuuL
204,video,cf57f67966aa5e7dca067b5a2c593deed5add7b5c1fae14d548b412d4cb100bf,zach,szelc,finalvideo@gmail.com,2024-10-29,2024-10-29,2002-11-05,xcD0bJ
11,emacanespiea,bfc3dcc6fd5e73d48afc117a03462be9aa3a37c55cac69840abbb1a50f103f30,Elvina,MacAnespie,emacanespiea@google.com,2024-04-18,2023-12-11,2024-03-26,bc0SPY
12,hbeaneyb,496f4a2bb8eb6907edd8b92de212d574067c3e580596afd81676decba2d15eaa,Hansiain,Beaney,hbeaneyb@whitehouse.gov,2023-12-03,2024-05-09,2023-11-23,CyGorR
13,fseilmannc,e8e4c787a1b3c70559c2c94459c80c82cf8cd36d984992cd2d72010904317598,Fletch,Seilmann,fseilmannc@ca.gov,2024-05-17,2024-09-11,2024-06-10,OSxGeL
14,dloosemored,c01b1759c4449f6a5c3a7e65ed87e1d0c46f0aac10815fc991ccd9dc1a70355d,Donetta,Loosemore,dloosemored@facebook.com,2024-09-22,2024-03-05,2023-12-17,DyjEOq
15,ebrehenye,7716c140eaca8c43efffcdefc41292232835641d6f762a68907e016e15f19f9b,Eldridge,Breheny,ebrehenye@homestead.com,2024-06-16,2024-07-04,2024-09-17,dkqOcy
16,bpeskinf,12799a454c883d3594f26995ecbdebd2d3458e1660c0d6f9d84ec62539e3f281,Barthel,Peskin,bpeskinf@earthlink.net,2024-05-25,2024-08-05,2023-11-10,wiNolf
17,tpimlettg,c094023ffbbb9e76078843f2ace9de2b94a3a5a2f0dc2e30eabd968136cf3988,Tadd,Pimlett,tpimlettg@yellowbook.com,2024-03-08,2024-08-21,2023-12-08,gRbS6d
18,onareyh,b86b63ef058d6a0dbcff77695371ca150b245ccf9d8f4733d94fde838cffc759,Odelia,Narey,onareyh@addtoany.com,2023-11-20,2023-12-21,2024-07-30,Td9Kir
19,hhartyi,9535c6bd36d335d8bf93dec49dd3c022b2e4da475f9de42d2ab8dc397d04241a,Hamil,Harty,hhartyi@so-net.ne.jp,2023-11-28,2024-06-14,2024-07-12,wj6mfo
20,cbrandj,2102492b6cbb6e9c2830f098b3077b32bf3b405f3f1457de016ff37b4646ee9b,Christoforo,Brand,cbrandj@scribd.com,2024-04-14,2024-03-26,2024-03-02,dyYh6l
21,ifarnishk,c70c9a988e5d5a9cd0e0dfe1a9f97786df8afa69f2048bf1fdc1fda01a84b4fb,Inge,Farnish,ifarnishk@reference.com,2024-05-16,2024-09-10,2023-11-15,ObqWqz
22,gkasparl,136a413c5144f5c8bb130311d4ea242446d203cb561a4f4989ef3f0c996b5566,Gardie,Kaspar,gkasparl@so-net.ne.jp,2024-04-05,2024-02-21,2024-06-17,fsunt3
23,nmccarneym,c1eb28d243654c3f5fb7ef6bbd8476b5d0f8dc2e69ecc38cd431556b29b8ec9a,Noel,McCarney,nmccarneym@smugmug.com,2024-04-18,2023-11-29,2023-12-04,haMVgq
24,smollenen,16c391474726cd37a1539a477f5e08253425c3c7c24eb640a63d36d7df3e0b87,Sherye,Mollene,smollenen@plala.or.jp,2024-03-21,2024-01-29,2024-10-05,JQwdXs
25,sbealingo,9b3fc9e524017aa500b14a22580ecf47a8cafc24d5270799edae6a3788d3c012,Susana,Bealing,sbealingo@over-blog.com,2024-06-27,2024-01-09,2023-12-03,2ITq6B
26,ddressellp,8e6381ff8c429455f84391ac45ac3e35038808b6b598cb2926949453f832fef6,Duff,Dressell,ddressellp@yahoo.co.jp,2023-10-29,2024-04-15,2024-04-05,dNNmtI
27,whartiganq,7bb0e3f74e0b228de10acf73f9466c6bed03383015c8d021a318393cade3ec1a,Winnifred,Hartigan,whartiganq@github.io,2024-04-30,2024-08-07,2024-05-14,9HzAiY
28,wtakler,f48d8291406465fdc8c818e34dd9977004a1cb7f9754e1c0d73084c1cac9741b,Waring,Takle,wtakler@utexas.edu,2024-03-17,2024-09-15,2024-10-07,fFdIue
29,mlydiards,48b9fd82646cb87c023b3e610d25b34683e4a434512809f4d037239b667ca51d,Mychal,Lydiard,mlydiards@auda.org.au,2024-01-25,2023-10-19,2024-02-15,fuLJw9
30,nbrahamt,a524fe2ecd36717ad4203392846565cd16ee961324538ce336d1bcd6b1ee1808,Nadya,Braham,nbrahamt@oracle.com,2023-12-09,2024-09-21,2024-10-08,IsnED3
31,rlilleeu,b30d247e31458330345b3e6594f06ca3937c2452c8f630e9d6f63b89f3a7eed8,Rudiger,Lillee,rlilleeu@goo.ne.jp,2024-01-21,2024-03-19,2024-09-17,6w6lhp
32,ttedahlv,28ce44a11f178a076fb4fba20ac66d4e8a756592bcc4861ea24dbb77f7cf3dea,Tawnya,Tedahl,ttedahlv@sakura.ne.jp,2023-12-24,2024-02-25,2024-05-01,5oV0CW
33,smceniryw,d77b1d2280140a39d0a6c483a8f9e432d3c3ae97147f75426016d5de8009ba57,Samson,McEniry,smceniryw@europa.eu,2024-08-13,2024-02-02,2024-07-13,J5ZkiG
34,bsultanx,35a82c9753881f4f7a23129a748b72bedb453b8265227bb1552c80fe0deca110,Bianca,Sultan,bsultanx@examiner.com,2024-01-12,2024-08-22,2024-07-13,Id09PU
35,fmeinecky,e26529f743eff6dbe9da8fd18fa5d34db353406d982ab19b6590e594e9b85a92,Frans,Meineck,fmeinecky@phpbb.com,2024-06-29,2024-03-05,2024-07-29,v50MOZ
36,dtreadgoldz,45fac7c85935ab6f6dae450406e5142a37199cde535b7150224c5c4301503077,Desirae,Treadgold,dtreadgoldz@aboutads.info,2024-08-24,2024-05-27,2024-05-24,IEstdE
37,agallyon10,87113e0da7fd36cce7f98c6e87e7c2a91f8d03378a0df7d7ca59b24cf896c1cf,Ancell,Gallyon,agallyon10@techcrunch.com,2024-10-05,2024-05-26,2024-07-23,kDKAYT
38,gdecaville11,c446bedf128b154681b928373ae37bcaf403c739b738f2eed02ae6eb9f8268b2,Greer,De Caville,gdecaville11@vkontakte.ru,2024-03-03,2024-08-08,2023-11-26,RaEIi7
39,adoley12,e60b59827dcdbdcff2fe077f564722cd36395e488ef4d92b482189addcfe5798,Ardeen,Doley,adoley12@biglobe.ne.jp,2024-09-12,2024-03-02,2024-10-13,cigq3C
40,ralfonso13,8d21919da00f9135678a95e32c15fb2c4358332204d83cc94b4140f05a1d1eda,Rudd,Alfonso,ralfonso13@is.gd,2023-11-28,2024-03-29,2024-01-22,3zrVBX
41,ccollens14,ed1dec065bd72f2c6ce351e745b41d60fc4057503c99cd80922faf8a68768dc8,Carey,Collens,ccollens14@boston.com,2023-11-15,2023-11-23,2024-05-20,JBNmpM
42,dmanass15,2f5c2edfb894ae5c71f79e2329c7fcfe76d7cd8a1b927a37dcf35f17a0a59829,Donni,Manass,dmanass15@aol.com,2023-12-08,2024-08-18,2024-04-23,v8PIWX
43,vivannikov16,21d659c1b7bd30acb64191bcb311d56a47797ae6289829c61fee7e04dc99bffd,Vannie,Ivannikov,vivannikov16@marketwatch.,2024-05-04,2023-11-14,2024-02-06,8QH1qG
44,cloud17,03f79333285f572ca89791c1ef92fc0b535c711bbbfdd7ac6484cfd25b19eb2b,Cherri,Loud,cloud17@xing.com,2024-02-21,2023-12-18,2024-03-18,Tq91rN
45,tgeorgeson18,f2b6ce0c25f826073a1555d411f462274f892504c3f36d71f9661c53c143ee1f,Tilda,Georgeson,tgeorgeson18@multiply.com,2024-01-27,2024-01-14,2024-08-08,12IQu6
46,tdoeg19,0ffc922bbb1f51f5d681425d26050c6b75db05cfd527c8f21b06d45c8eb33743,Tyrus,Doeg,tdoeg19@indiegogo.com,2023-11-13,2024-06-05,2023-10-30,52OmOq
47,bsymcock1a,ddc3bde901f46666f24c712a0e2f6f3fb6f2ae777008f4508299ae79c55c12f9,Bree,Symcock,bsymcock1a@github.io,2024-09-28,2024-09-30,2024-06-24,WIC2rI
48,hhattiff1b,205c99efe52ad0f18da816ab03ff9bb887f9e845b18bc120cc621d27df87ec8f,Harlene,Hattiff,hhattiff1b@prweb.com,2024-08-09,2024-08-31,2023-10-25,yr6pru
49,jklishin1c,09e9bcb170395cebd995198b86be7353a25442c0d99fae93c489126de3f7e55b,Janot,Klishin,jklishin1c@sun.com,2024-04-07,2024-05-05,2024-05-06,04QFjV
50,bvalentino1d,f0ba40a0479829853234d8ec1045c83bb93f61b9f72925cef00b4904b9d118b1,Brig,Valentino,bvalentino1d@oaic.gov.au,2024-02-20,2024-05-20,2024-06-14,yPcv18
51,smcginty1e,1da5c1c178ce30027ef8b94f6b1ba3dbee0897e5e17b37fc2faac07c3a838506,Simona,McGinty,smcginty1e@feedburner.com,2024-10-02,2024-02-14,2023-12-16,NuxkRP
52,nplampin1f,1fcb9504335e333eaca9e8587e73639a6c98c3e53123511fbcbd56c0b9b5a191,Noni,Plampin,nplampin1f@fema.gov,2023-12-03,2024-08-01,2024-07-09,rdGbVR
53,lcregin1g,b8dd66ccd6269c35cd22cead19213609c7381a792ae899d802ea502c55410ed9,Lee,Cregin,lcregin1g@hibu.com,2024-05-08,2024-02-08,2024-03-06,SSbcuj
54,ehannabuss1h,4a37d55f5b1c2a985716d68b9f4a048e3f7d6ab3c4d9e5973c63fab8a2396cc2,Eva,Hannabuss,ehannabuss1h@google.cn,2023-11-16,2023-11-25,2024-07-16,1HbtE3
55,fwray1i,0895287a7e895e8f9f2dd0c20edca1b80e972183944c4c04f61b9eeebf74481a,Franzen,Wray,fwray1i@hostgator.com,2024-05-14,2024-08-22,2024-08-10,26dyyT
56,rleming1j,920343a26085fcee80b4429527e32951d9b29499976e6a4421dca785ac5ba9fe,Robinson,Leming,rleming1j@geocities.com,2024-07-27,2024-09-17,2024-05-10,fyzntP
57,cpigot1k,9d5a49e277ef40ab9d6fe4b4f5126184e28165d43aeb2f8c3cd205c6529a404f,Clive,Pigot,cpigot1k@sakura.ne.jp,2024-09-24,2024-05-31,2024-04-06,jwmccH
58,tmcillroy1l,b78cfa571f9979682b7379d49013cce5e8dd48837e5fd2470f27a07633908b00,Tabina,McIllroy,tmcillroy1l@smugmug.com,2024-01-19,2024-07-08,2024-03-09,G6awiO
59,eachromov1m,ae0fd314f3c6c40147cf327c41f20fec30e21d31de419e6c4937e2ead66508f8,Eden,Achromov,eachromov1m@about.com,2023-11-27,2024-04-21,2024-10-16,6MZnmN
60,rurey1n,8235d57bf513e804e1900980be73c20c93b3054dcff7bbb520e12d7b81b81ff4,Rakel,Urey,rurey1n@shutterfly.com,2024-09-23,2023-11-29,2024-06-20,Y4M2Os
61,gcheak1o,efc023e5886698c65d7bcb398e6625175d354ccb15f9cb4ac3fe916c595a9bdb,Genevra,Cheak,gcheak1o@wikispaces.com,2024-08-23,2024-03-23,2024-06-12,MYqASW
62,mmillson1p,92d0fd85192fe86c920b198def3716a1d02b3ea033b01925400bda8c8d5851d3,Marshall,Millson,mmillson1p@howstuffworks.,2024-04-10,2024-09-18,2023-12-16,GMzAMe
63,nlicari1q,9d0a376df82e417deed4b0ce92c12d9ef781ef2d22c63fbc1c5f3ac98f8b2170,Nanice,Licari,nlicari1q@nps.gov,2023-12-18,2024-06-30,2024-08-23,XAFoF7
64,bdelahaye1r,9feae5afe515bc6c6d4d07359a89a03758d8ded74f9cd5f116f3d98090ec5094,Brittne,De La Haye,bdelahaye1r@stanford.edu,2024-03-08,2024-01-12,2024-07-22,K9fb9Q
65,gulyat1s,0d6fa9ec33ce515aa5da4bf61aeed739fec9b700c7145b8bbfc54abcfa62ceb3,Garvin,Ulyat,gulyat1s@amazon.co.jp,2023-11-08,2024-06-23,2024-07-02,9nZrRB
66,lpeasey1t,8ef6da3e51be4bdcde00409fcbf975812244b2a5e1e4d27a8e5935be56fcd35a,Lenora,Peasey,lpeasey1t@mlb.com,2024-06-08,2023-11-30,2024-08-21,6aj5bI
67,adeeney1u,8a39add5ea5c555fed8c1d246bd7df7b6c497508b992fa6af0688bb416738eec,Arther,Deeney,adeeney1u@dell.com,2024-08-07,2024-09-27,2024-09-10,G3PzwL
68,dmapam1v,b8dc6452c46420a4cd15e755dcbee2716ec756b839345729caddad46fa2656e8,Dosi,Mapam,dmapam1v@hubpages.com,2024-09-13,2024-01-18,2024-03-28,doz0KJ
69,pmillan1w,5a7215c898a0c9f01cda003c1ee1e1732580f638a9fd00aa65209fe0f096cd39,Pearle,Millan,pmillan1w@homestead.com,2024-06-04,2024-03-17,2023-10-19,NvZmuO
70,cpieper1x,340b456e31cb80862ba160263fb0db56e1b069cdb06e86f4ee4849bcd429ea6c,Clair,Pieper,cpieper1x@blogtalkradio.c,2024-04-12,2024-07-10,2024-01-23,ITNR4A
71,emcmorran1y,30ce13a8a98e29dba34e219f170e377ddef29eb587b4ff138432a7d9d8d913b4,Earvin,McMorran,emcmorran1y@si.edu,2024-05-15,2023-11-17,2024-05-19,EhoDUC
72,tlutzmann1z,1944ac1f17e6165921a8080cad55a1e1669b71bbe95a5e4dab45bbe27649dd66,Tracey,Lutzmann,tlutzmann1z@guardian.co.u,2024-05-03,2024-03-03,2024-04-28,A9JqYY
73,rfarfoot20,0ad62d601d09f60507fab33123d094d7384a93e06ea7e6820d62314c67e84cd6,Rosabelle,Farfoot,rfarfoot20@addthis.com,2024-05-04,2024-06-01,2024-09-20,EtP6kF
74,cranscombe21,76c55902a3b8973dec48c2bcfc4ec68a4ee4d0203faa0146da12c4b0e547232a,Carmina,Ranscombe,cranscombe21@nytimes.com,2024-07-22,2023-12-23,2024-02-07,rFd182
75,sfielders22,0cc906fa778633d086f0f3482cd1415a884a667cf858bc3019f581697217150b,Smitty,Fielders,sfielders22@wikipedia.org,2024-07-10,2023-10-21,2024-03-18,KtnfSz
76,spaddon23,104b0d003b76799bd05709e15c6f267fc0cd1af45758b5bdf869e640b4935ccd,Stesha,Paddon,spaddon23@jigsy.com,2023-11-28,2024-02-19,2024-07-27,6zce39
77,fyeoman24,ab4044e1f82d7c41a0ea66a93213cc54a80d3dcabcfc84d80abd9c31c36b0848,Farly,Yeoman,fyeoman24@theatlantic.com,2024-03-13,2024-10-09,2024-08-27,qn3HRE
78,smaslin25,6f3f1e2ab9440006ac90139e9475ec47cbd3632d7f4a39be0696565a911665ff,Silvan,Maslin,smaslin25@opensource.org,2023-12-20,2023-12-17,2023-10-28,PUnmpf
79,rsouten26,7a191432b3021cc1b3e0ebba8387636969e18566dd7679b77ede270be32d2eaa,Raffaello,Souten,rsouten26@taobao.com,2024-04-14,2023-12-19,2024-07-29,3elObG
80,pingall27,054cfd247489e23223ff8b962d608f42a1ad118c1adcbcb6c820135b9ec57510,Pen,Ingall,pingall27@icio.us,2023-11-05,2024-03-11,2024-06-01,0wbiQa
81,rbatchelour28,27190ff0373e00a78805ff5b71cc342c0871049039d7f385cb56d143b39831bd,Rochella,Batchelour,rbatchelour28@businessins,2024-08-31,2023-12-27,2024-07-26,EffBHq
82,mkeets29,6a5c08e44db1f8a4b38e6911da2d66f28a8393b17bdb6baa45b54bbf717de97b,Malvina,Keets,mkeets29@elegantthemes.co,2023-11-29,2024-07-14,2024-09-27,BpO45S
83,ftune2a,34097e84e72d6308d8e13d28bda624fe116474287c55e73d76934e0b32cb7e6b,Fanya,Tune,ftune2a@theatlantic.com,2024-05-16,2024-04-18,2024-09-08,PLXHW9
84,cbrittle2b,1b3c95091e5cdf595496142017658ca8aa48cec02f0bf80eb0cb0181133939eb,Clement,Brittle,cbrittle2b@fotki.com,2024-01-09,2024-09-13,2024-04-02,bpSmuT
85,holiddy2c,639d216139cec9ec3e61e3bbb1e7227ed59f7f9fc049ec9e7e930576e410baac,Harman,O' Liddy,holiddy2c@amazon.de,2024-07-16,2024-01-06,2024-03-11,oQuTZb
86,mdehaven2d,1c2748ebe9c404b2189958d0b52959db449f65346dc6019d0eb02735c7bd9fe6,Melly,De Haven,mdehaven2d@businesswire.c,2024-03-09,2023-11-07,2023-12-26,2dZyxo
87,mhumes2e,73528351a3ec97037e62005e1c8c74a147fca600ac3ac3149aac08a1f788aef5,Marcus,Humes,mhumes2e@sfgate.com,2024-07-15,2024-10-11,2024-03-23,9Wntus
88,dgligoraci2f,2d360041ca1fc8bf7804a423bf82efdc9bc0305d852ac30d6269c99b76e23f88,Derry,Gligoraci,dgligoraci2f@dmoz.org,2024-03-18,2023-12-21,2024-10-12,sbT2Ea
89,ehavile2g,99e26a0cda74005d9b0d3de73bc7ca571b61b8274439813e1630f68bf6ecef43,Ellynn,Havile,ehavile2g@google.com.hk,2024-02-21,2024-08-26,2023-10-27,xl8LJ6
90,ryushmanov2h,13d5d64eaca78a2781115564721567c1cd776e42218e238920c03a9b815d4340,Ruttger,Yushmanov,ryushmanov2h@istockphoto.,2024-09-07,2024-01-16,2024-10-02,gozOug
91,mphear2i,96169b6c42cc5a7b7d61d285438dea0e3a1676b0682737b35d4b281326310ed7,Megen,Phear,mphear2i@youku.com,2024-05-24,2024-02-15,2024-06-06,h9yhh5
92,gexon2j,e96e84b5deb1011f163ead224a530f936f8324b29ce3c7fb6c159a426bbf55a3,Garik,Exon,gexon2j@google.ca,2024-06-09,2024-07-11,2024-05-05,LCGRAx
93,ialoway2k,fcb5c16f2092a954a8f1a437a43ad13944c771a2c4e04ae224ceb47c7b020121,Iggy,Aloway,ialoway2k@nymag.com,2024-09-04,2024-06-21,2023-12-27,2MbiQH
94,fdilleway2l,6ae7d694e2fdba7e7f976212ee69636fd1e507d114bf327715bddf1b79ab62ee,Faustina,Dilleway,fdilleway2l@arstechnica.c,2024-05-07,2024-02-23,2024-05-28,HmeNmZ
95,mscolding2m,6782ac65c4d6451c87716c19c6c7542e4d8e6b19eb6a9d510bd3d88bd95622c6,Mercy,Scolding,mscolding2m@squarespace.c,2023-11-20,2023-11-15,2024-06-25,GqU6Az
96,sbridgland2n,55edad8bba70b176e4813c0c3d213a95cc9a2d30c730a2462f88df4b67f85c5a,Sauveur,Bridgland,sbridgland2n@skyrock.com,2024-03-29,2024-04-23,2024-10-17,e5bO8l
97,sopenshaw2o,2ba64f6104dd5f96fbb775504b59277154d25532fc22f1f30911d64005ce5094,Shelley,Openshaw,sopenshaw2o@businessinsid,2024-06-03,2024-01-31,2024-01-14,ZiQNyh
98,sblesli2p,857aa2939481478937e58eb86af859be88f06897f684676f2a0d98982999a9cf,Shirleen,Blesli,sblesli2p@a8.net,2024-04-12,2024-09-09,2023-10-18,MNScIT
99,sforde2q,840ce64470916ada8e6b430f2688be5673af0066f0ec9ae58e4891a18dee1df7,Sonya,Forde,sforde2q@lulu.com,2024-04-06,2024-05-10,2023-10-28,TmwNrF
100,fhanhardt2r,b856996c51e695c24cd6a3a81a739e9d218299ff38fd01ccaade3468aef2d1bd,Friedrick,Hanhardt,fhanhardt2r@dedecms.com,2024-09-11,2024-02-09,2024-06-05,2cKPF5
101,isouthernwood2s,8a84b444ec70195d8865acefda92cdefbe471a8a317e98d735cb239b370361dd,Iseabal,Southernwood,isouthernwood2s@sakura.ne,2024-08-18,2024-09-27,2024-03-08,o0SCO3
102,ffloodgate2t,1a1fd3948ba09d5b1d6f40a3441630407db293ad88c0b7086a05f5b07c8ab59d,Filmore,Floodgate,ffloodgate2t@china.com.cn,2023-12-13,2024-10-15,2024-02-28,hvVbYC
103,tokill2u,8b2a009a8df4af4103b92f35f9533efae3a4bd94a7d975498481521a2f71850d,Titus,Okill,tokill2u@weebly.com,2024-04-21,2024-08-13,2024-01-17,cqYutT
104,dschubert2v,cfd7218244251fae48eccb9e54dff1852d851901b1a1e9c629278abf0ffcb3ee,Drucy,Schubert,dschubert2v@163.com,2024-09-14,2024-03-24,2024-03-25,4yKvZn
105,plaws2w,58d8cd71b82fc898a2e309e263d1230c42f91bf982d2c839d734b5ce13d93a27,Prissie,Laws,plaws2w@spiegel.de,2024-04-21,2024-06-03,2024-01-05,qxgELw
106,eglauber2x,2ce151a8d0c60da7b1fb71353d49eaabbd8b2f2cd9b8bb35cd0c82e11fa83942,Edvard,Glauber,eglauber2x@berkeley.edu,2024-06-28,2024-02-14,2024-01-28,IcGrzC
107,eforgie2y,eb9f3d20381e5f1838497e2ab4a84dc782fb82c91b9c0135767a8f5e645096de,Edan,Forgie,eforgie2y@hatena.ne.jp,2024-07-16,2023-11-06,2023-12-22,TReMGL
108,fcrutch2z,f1a81c79acb2f3d158c3b63b5deca3cdc8f9bdee71c1a223f95d59fb96e0ac48,Franni,Crutch,fcrutch2z@hc360.com,2024-07-27,2024-08-11,2024-08-20,k4izWs
109,rlosemann30,70b1c87bdbf1c3dbd001e9ab4cd50b56f6c82caa40d8e2f03d6893c829c99c20,Ricca,Losemann,rlosemann30@gizmodo.com,2024-03-07,2024-05-12,2023-11-21,2lRvIu
110,momalley31,896644b18a0a44f881308d6eea1411cf1ba7313227e9e2851746377fac4efb8e,Maxie,O'Malley,momalley31@illinois.edu,2023-11-23,2023-12-22,2023-10-31,BsAzAW
111,msidnell32,8d321f632e47d31a5619789979b195e49971877aa7cb17af35c32312233407ab,Maxi,Sidnell,msidnell32@pbs.org,2024-09-04,2024-03-19,2024-09-24,tns5yx
112,jbeincken33,b1ca6ddcd85d2ba3d43a30c0d800a1893982d628e42ccd209cc38ad02ac23292,Jed,Beincken,jbeincken33@cbsnews.com,2024-10-16,2024-03-27,2024-01-20,1M9VcM
113,eattfield34,3483d4e1f912a5452face684d52a9552a046f90634f986bfffb7b3936717a1c4,Evania,Attfield,eattfield34@upenn.edu,2024-05-23,2023-12-04,2024-06-07,9EhgW8
114,anaulls35,ce8945debf6914456c95cfcd7d709a9795e741db97abe8466ed777add0eccbf3,Adriena,Naulls,anaulls35@php.net,2024-02-25,2024-09-29,2024-10-13,opUbPj
115,lareles36,cf832ca28a750c2f0c68116db4fc3318258196a92d3379ced0bffb171e9d83cc,Llewellyn,Areles,lareles36@livejournal.com,2024-03-27,2024-05-15,2023-12-02,fWn0Ip
116,adigweed37,9a2d778006d19c141889afec75dfcdf3b09177ade302cc5f0f00564bd2c43e75,Annaliese,Digweed,adigweed37@msn.com,2024-05-01,2024-04-17,2024-09-11,vS8nr8
117,hfackney38,c2eda6ef3c4150b397dc7e2a22ab7716a3bd5a7988b5c15e99a4818198c22707,Hillel,Fackney,hfackney38@irs.gov,2024-07-19,2024-10-09,2024-07-21,EdAO5s
118,kgatfield39,ee95ae4619582beb57ee0809fd3a64800da38f3fff42e26542eed53916ebbdbc,Karim,Gatfield,kgatfield39@quantcast.com,2023-11-10,2023-11-08,2024-10-05,e7884b
119,jhartropp3a,babf8cb60f2a2db1ba52648af30b5382bfb87b6a110d881d86ee129ac745c96f,Jolee,Hartropp,jhartropp3a@fastcompany.c,2024-04-30,2023-12-04,2024-09-06,sY62mM
120,platour3b,bb7d5ac23430a9e69e44bcf2e0898969939fdf256a63beec1fef73caf89cd9b6,Pammy,Latour,platour3b@cnn.com,2023-12-10,2024-07-29,2023-12-23,4qpxv2
121,gsouley3c,122b81b16c0c9a57aa683f2e97eed19dbe43e26676a9d04a863a3980793c5872,Gusta,Souley,gsouley3c@slashdot.org,2024-03-18,2024-09-24,2024-02-06,404hLu
122,lendricci3d,43991a132545641c0289dc2ee24dcf823969383dbcaf237d9e68bc0e903b5101,Lamont,Endricci,lendricci3d@ft.com,2024-07-31,2024-03-18,2024-05-23,QVvhjI
123,dbrandom3e,c6db8c456a30a3a2f899579deeceb15f817c09db54c3a24b6029a2928fbd813b,Denice,Brandom,dbrandom3e@pcworld.com,2023-11-05,2024-05-09,2023-10-26,XbguEF
124,bkobelt3f,02acc0b858555284269be558b2fa4464b5c9c6afbb5290e288cf6845fdbb8cb2,Bud,Kobelt,bkobelt3f@pcworld.com,2024-09-05,2024-04-30,2024-10-05,1dnCnk
125,lbeckles3g,7e2503ba6c978d21a0aa8fdbbfb40cffdd6c05c807d28c7b7a8a88991502da7d,Levon,Beckles,lbeckles3g@nhs.uk,2024-03-01,2024-07-21,2023-11-26,nBzhtY
126,zjovasevic3h,3d488e95e225ad22cc09670271cde333c1c19a91b1aa15dcb15570e857cbe054,Zachary,Jovasevic,zjovasevic3h@gmpg.org,2024-09-26,2024-07-03,2024-09-07,h5T0XC
127,slamerton3i,c5de7d829f670d52e0b7f6d374abc6856088712b6a3a6c2a1b39ad20ff04b4c2,Stephie,Lamerton,slamerton3i@cocolog-nifty,2024-10-13,2024-04-14,2023-10-22,5RU8WM
128,ostothert3j,1ac99b564625f0e5d49adec65c8c310dcee5c6d8059a075bb64d3c01e500e547,Olympie,Stothert,ostothert3j@flavors.me,2024-01-23,2023-11-05,2024-10-10,2mGWou
129,cleftridge3k,59c4f0860d759b19730edcc9372124c1b42c12e200dcdff4051f1a12a2ac0093,Cecil,Leftridge,cleftridge3k@360.cn,2024-08-04,2023-11-04,2024-05-02,zQtxBI
130,rratter3l,d07de28a0b639b1f8197e5cef7ce4f02b97e729e4e6725cce8e50454ca661d9c,Roderic,Ratter,rratter3l@sphinn.com,2024-06-07,2024-08-16,2024-03-06,JDTYpX
131,jimorts3m,cbfd8a7fd69587b10bc2d49238b12ca8c27a586ba3677fc1b05515f960af80a3,Jade,Imorts,jimorts3m@squidoo.com,2024-03-13,2024-09-14,2024-02-16,IXF3OP
132,schessel3n,8a325a523115ad51ff7f3ea4da505c0d7bf1277146789633427eda1700319863,Stormie,Chessel,schessel3n@msn.com,2024-08-17,2024-07-22,2024-02-27,xzDrMP
133,edebernardi3o,d8f4cb705e1cde32fea4dcbf61a53e37c1e963c0e0d4ee73801c5f706788a19b,Ewell,De Bernardi,edebernardi3o@pen.io,2024-04-11,2024-04-16,2024-01-14,SxNZIL
134,uleither3p,3c42d91fc3156c596a17f1a722641d825b77914f2782f4054c978b704d4d083d,Ulric,Leither,uleither3p@ucsd.edu,2024-08-18,2024-04-13,2024-05-21,zHRt2m
135,bdefont3q,75dd10751eb6693e4774b507972f2b89b66c7b6b7b26e3b4302a7c92f97bacc7,Brenna,Defont,bdefont3q@comcast.net,2024-05-31,2024-10-06,2024-02-01,w6gmTs
136,aferrierio3r,7659c76a95117ea1d6acaa8f06e5527efd7b155df49231e096055ad3e2ff9980,Allayne,Ferrierio,aferrierio3r@taobao.com,2023-12-18,2024-03-29,2024-09-10,CmQArK
137,wbrolechan3s,6218174a3f215a23db60134c8b021d6d20c4eafd8394ea08ddb28fbb05ea673f,Winnie,Brolechan,wbrolechan3s@shareasale.c,2023-12-27,2023-11-30,2024-07-05,Dj1aK8
138,ggosnell3t,944838964236785caf0b0e2d5270217afdc1ad229e34894dba903af6248374ec,Glenn,Gosnell,ggosnell3t@posterous.com,2024-04-07,2024-08-26,2024-09-08,tnffqf
139,rconry3u,e56876554bf40c936ae3af704ee30d31952c9d5393eb7aba4d7bb009ad6c66a5,Robinia,Conry,rconry3u@wufoo.com,2023-10-26,2024-07-17,2024-09-01,F9aOyC
140,dmutimer3v,690932802f9e7be06aaf75e121e09d26b2c1cf658beadfca7c52d7ed8e97aeab,Darcy,Mutimer,dmutimer3v@moonfruit.com,2024-03-15,2024-04-03,2024-01-25,VBmwtC
141,sdanahar3w,91b99f5ce966168c99a90be62cc7c802636fe797465f633eed3e7dbbbd4370ce,Stinky,Danahar,sdanahar3w@prlog.org,2024-05-18,2024-04-08,2024-02-06,b1Y5q4
142,fhatchell3x,1b127acb902cfdf41e918f8e1abc131fe336163c9caf1c254bd67e2ebdb03529,Franz,Hatchell,fhatchell3x@china.com.cn,2023-11-21,2024-02-05,2024-05-15,a7ZAQo
143,biley3y,844f1aeba147dd61362e85bc45645b4c77bd69b89ace419aeb7f52272f222c66,Barnebas,Iley,biley3y@spotify.com,2023-12-26,2024-03-11,2024-07-24,KxBEJV
144,arush3z,0e845b83973a63aa4e1a2cfcabf362a709128d6da330f563d15fd7428e140ca5,Adelheid,Rush,arush3z@wufoo.com,2024-08-15,2024-02-21,2023-12-04,2qd1pV
145,jdoe40,c9ab2fee6979f28a3c0de9ac55dadfd2086c76188ec234fdd5373414700da482,Josselyn,Doe,jdoe40@globo.com,2024-02-11,2024-09-29,2024-09-17,TQnUkI
146,sscates41,b4b5e6528e32351c913be80fe79573f3c64ddfc203f1b1967fea5ec8449f8fd2,Sonya,Scates,sscates41@sourceforge.net,2024-07-28,2024-09-06,2024-05-19,QxguvQ
147,jscanlin42,da500c81238af47c355c49c4d0214f7e6a52e1767b3cf6c24e6e107f5392cbff,Jeannie,Scanlin,jscanlin42@trellian.com,2024-08-14,2024-02-11,2023-12-25,z45jSQ
148,mcristobal43,d88663f0feb8fc367c33cef71487e725955348d5dd79a1d6dca53bb536fb37ea,Marybelle,Cristobal,mcristobal43@shareasale.c,2024-05-01,2024-09-19,2024-09-18,t3pfZg
149,msalomon44,d4b02cfb68b833cea03369166c247e012f5a4066ebf070ccbb7f21facbd3b870,Madelene,Salomon,msalomon44@theatlantic.co,2024-02-13,2024-01-23,2024-01-02,RyuaZz
150,jmisk45,f7da644f7bb9421feb7e2a78bea0a424c9e71b191784b04ace830ea3567d0f11,Jacquetta,Misk,jmisk45@pinterest.com,2024-01-18,2024-02-04,2024-07-19,9fWakA
151,bhamshaw46,dc338c85b167a79c15af60859cd3a3316f75f08e8a9b0a569f652e8fa0f045bb,Beulah,Hamshaw,bhamshaw46@webs.com,2023-11-16,2024-02-12,2024-10-09,okSwqI
152,eduligal47,ade2ff417f7cd236ceb1b869809aed287c003228c6727749691ba328dacd517f,Estrellita,Duligal,eduligal47@slideshare.net,2024-09-09,2024-06-01,2024-04-11,UittPZ
153,ctorbard48,67e85c0cc6987faaadf2ba4aecc64fc1a0fb5499f8b7059cfedcfcc38da6d80e,Chauncey,Torbard,ctorbard48@google.it,2024-03-16,2024-04-17,2024-01-14,Ey32HK
154,ctrainer49,00767ee1dff4be95aeec74e53fc71e27a624d188390913919e95a86b0e9b5f48,Clare,Trainer,ctrainer49@geocities.com,2023-12-10,2023-12-28,2024-04-13,6J7mqs
155,fkayes4a,adab815f44cdabaf12c96b64411d2d0b7b9d3710c3397b61b9e64ffbce03eb00,Ferne,Kayes,fkayes4a@yelp.com,2024-08-24,2024-06-17,2024-02-19,in4oTk
156,bbowland4b,4000decc9a4df5c45dc397fe3e9abd26383cc7f32544f8c3680be66ec2ec8f8e,Blayne,Bowland,bbowland4b@qq.com,2024-05-20,2024-08-09,2024-05-26,ckMb71
157,doxe4c,a2583c6a18f09e2ec5929fad9962c27c118fc3092982fc07be0d7fc6b2fbec6f,Dion,Oxe,doxe4c@etsy.com,2024-05-17,2024-07-21,2024-09-19,BCJPX5
158,bstanyon4d,914b5825830e0d584b3ddfe5db7d60309b94c2fc2790a84294a5a43cf97dc530,Bili,Stanyon,bstanyon4d@columbia.edu,2024-07-04,2024-01-26,2024-09-02,YoLfsr
159,tverecker4e,51e502cdaa2db3723ff0610245bc401573d20bdbc3925bab8932ed22c7bab6e2,Thalia,Verecker,tverecker4e@amazon.de,2024-03-26,2024-09-21,2024-09-06,6wRAmm
160,fcoggan4f,96ee64f0527e7e6e1d89b92c7ab2486578e5350b4183491fd9ba830d5738e773,Fulvia,Coggan,fcoggan4f@liveinternet.ru,2024-05-09,2024-02-21,2024-03-18,z9ceTA
161,mangier4g,e017d6bcc9c208986a479fb4553c797e6508b90c67058dcdfaa2397d197342e4,Mommy,Angier,mangier4g@si.edu,2024-03-24,2024-01-24,2024-09-30,qJPMEF
162,echeshire4h,c11f5dc7f0ea120746311ba0c2506a82622e172d5578d74d0ab697117dadb6ab,Elfrieda,Cheshire,echeshire4h@about.com,2024-06-06,2024-07-20,2023-12-09,SoA7i1
163,rbeddall4i,cc0110d6de203f2f9419ef1589a6fea599f6d1d9bbc10ced9326ba7a875f9703,Ronica,Beddall,rbeddall4i@msn.com,2024-07-20,2024-02-18,2023-12-20,Fy4q7y
164,hothen4j,9ebcf9248f16fcf5691d0cfc5413adf52cca1fcd53c5bb991f390894ea7018f2,Huey,Othen,hothen4j@economist.com,2024-09-09,2024-09-01,2024-01-03,zOoDF4
165,bkalinowsky4k,5e2b2c0637fd98682331e6cf39a8e75aaa95bac05d073a8d3df0e71eeef10e29,Bonnibelle,Kalinowsky,bkalinowsky4k@flickr.com,2024-06-26,2024-06-02,2024-09-19,k4WW4t
166,vcornau4l,cb3dabda49bd37d621844643af512ac11772c88b963585bddb1910441d569648,Vanni,Cornau,vcornau4l@wisc.edu,2024-04-17,2024-09-05,2024-01-25,t4Qkl0
167,bscrowston4m,0aeee68675e0293295f126b587751ab1e2640a516590977ea4d33405a82775f8,Blakelee,Scrowston,bscrowston4m@examiner.com,2024-06-25,2024-07-06,2024-07-08,1cg5FS
168,asnashall4n,21bf61768bb87f81f2c104d9929a5942164a0f47090cb567b23d828dfedb8bcf,Allegra,Snashall,asnashall4n@wufoo.com,2024-03-17,2024-03-12,2024-10-07,C0ptrJ
169,rbuist4o,7a631f3770935f6c0289f8adcee5cde96df14aadcb724ee2941d8c3eac97b658,Riobard,Buist,rbuist4o@typepad.com,2024-02-07,2024-03-15,2024-06-03,TgEq22
170,mevert4p,805b2644fbcfa4e5c98eb1727faac74cd4846b1fc3f968d861e0a466385e0e88,Maudie,Evert,mevert4p@imageshack.us,2023-10-30,2024-05-07,2024-04-08,uSFRm8
171,rervine4q,09824bc865adf3b38bd75c612c03048274d48aaca18f65db4f3c782e5fbf02c9,Redd,Ervine,rervine4q@blog.com,2024-05-08,2024-09-30,2023-12-17,2dlLDp
172,kkorneichuk4r,e2f3e5a759f968a69189f5a088dbabaa807a3c8ea9dbeef477fe98930f98a8dc,Kesley,Korneichuk,kkorneichuk4r@nationalgeo,2024-07-08,2024-07-02,2024-03-02,j5Ja7u
173,cstraine4s,94edc34b608ad8d542999f087bc647ce2e89af232cbd8c0a58d93fee5a63c5e1,Cyrill,Straine,cstraine4s@google.nl,2024-07-31,2024-07-10,2023-11-12,HTTQqZ
174,emandrey4t,e96806ede7f4af60f72be01822f7c7ceaccafa08050a0a73991a762dac343bd0,Eli,Mandrey,emandrey4t@wired.com,2024-05-12,2024-01-05,2024-04-21,A9V24L
175,cpocklington4u,b5371477ed9360f884986de2ca9a357ebcf83cc5f535af7a2cbd0382801ead4b,Cynde,Pocklington,cpocklington4u@upenn.edu,2024-05-22,2024-07-12,2024-10-03,2Lqn8e
176,hinsworth4v,0ba4e9588937c037aeda61fd5f0a996cac1f9b6e7dfa2eb95da8008c0790ca64,Hertha,Insworth,hinsworth4v@ezinearticles,2024-06-01,2023-11-07,2024-07-12,a8XZ36
177,ksieghard4w,f42df0a9d90d85b71ee2a0f50f137e2697d72f63de3900aeaa97f7d3d420315d,Kirstyn,Sieghard,ksieghard4w@cpanel.net,2024-09-30,2024-05-17,2024-08-24,R8rB5t
178,zevamy4x,dbaf6ba3e8db2e919ee003778551a8b045f17e186d8a3bbe13849f9b1f443823,Zared,Evamy,zevamy4x@cnet.com,2024-06-25,2024-06-08,2024-10-04,hOOc4H
179,amalin4y,b136d593dada2c0c83ad8658bbb86d7460ec89bdd1738da8cc517a6f684b8c40,Aeriel,Malin,amalin4y@qq.com,2023-11-05,2024-04-06,2024-04-14,V7H24l
180,ltipple4z,39399a0632e75944c987d0b95e10b10b54fcdd3123a40444b0c67ad1b00ad8fe,Lissie,Tipple,ltipple4z@princeton.edu,2024-07-23,2024-08-18,2023-11-30,wdWPmW
181,aseiler50,03cd31420da53d9c43638f00c33ff07172d101c8fe5a02c60646707b57996b53,Alard,Seiler,aseiler50@nps.gov,2024-09-09,2024-10-13,2024-04-04,jqAGR5
182,jcotgrove51,f8b69b147f9cbb925998b570486800bd895de9172c68dc6eb37effe9a6035b4e,Janaye,Cotgrove,jcotgrove51@cocolog-nifty,2024-07-04,2023-12-20,2024-06-02,HXugY9
183,bjodkowski52,f674bb876836d00cf629e0da0727813343ee0260fcaa0d9abb8428fd5023c129,Brittany,Jodkowski,bjodkowski52@nifty.com,2024-10-11,2024-08-27,2023-12-04,HtdrRi
184,dandreini53,51ce9e6da9104e80a16ab8e5760a0d6e2a1adff380966ca68eb939bbd17d6028,Delphinia,Andreini,dandreini53@woothemes.com,2024-01-21,2023-10-23,2024-06-06,cxZN5W
185,lchilver54,ec22a3cf0c66b94f82397909b9166d4574924e0dc902aa0ddb098243efbfee5f,Lind,Chilver,lchilver54@delicious.com,2024-03-15,2024-06-09,2023-11-27,riYUNz
186,smeachan55,e97312ef4345be440d697b13c8cd4618d7fe8e062c57a73de0e74dabf07f0a72,Saleem,Meachan,smeachan55@dropbox.com,2024-07-09,2024-08-21,2024-05-11,f9Tswg
187,lsamsworth56,50ca02c49b804c4b304b972cc46534172fb0365eb29ab258ca14aa388c8066ec,Louise,Samsworth,lsamsworth56@sbwire.com,2024-06-26,2024-10-17,2024-08-13,xh0kDL
188,tchisolm57,4b25617d98605d1ac31d468d55bcfd36d7bb569d26835fe5c9e0321cc24940dc,Tymothy,Chisolm,tchisolm57@nymag.com,2024-03-29,2024-05-15,2023-12-18,mj9wxO
189,esisneros58,0b10037436ede6c8e74d3c564244d644fa8a68b1e3b47880ae809630be7f8a12,Emily,Sisneros,esisneros58@elpais.com,2023-11-29,2023-12-25,2024-03-13,MCzpL2
190,shantusch59,53e87a2c36bdba60c5caa7cdd8b45ce44e78bfea3dd6eacc9aa79d7f46a92569,Sarina,Hantusch,shantusch59@wix.com,2024-02-26,2024-02-21,2024-04-23,wacVRy
191,klillie5a,cbefe713c4b686529c7543db1b78580f00f8017af1833584536dd5d7e62bb104,Kikelia,Lillie,klillie5a@de.vu,2023-11-29,2024-01-08,2023-11-30,0eORM1
192,agrestye5b,fbfd5face22a3ffe5c8d07885dfe6670bf3bc3e2d708df527abe55978f18e63e,Ajay,Grestye,agrestye5b@joomla.org,2024-04-14,2024-07-25,2024-09-18,PujSPI
193,cperle5c,4de060a3d5da8a5eb0d1011fd3acf045e0d348ee832e82c6452ee6c8f07e9d54,Corliss,Perle,cperle5c@ed.gov,2024-06-21,2024-10-16,2023-12-22,qtkcYr
194,wjenoure5d,712ecbacc9fa8cfdd2a1b4698913b62953369a92a99e1a2d64e9f14164ee9d72,Wrennie,Jenoure,wjenoure5d@liveinternet.r,2023-12-17,2024-05-26,2023-12-25,wYeXeM
195,zsouthby5e,57f2dd7e3b140c7ec9c0e3a24714f91fa5cefc62c945201988518a8b9e5ba048,Zacherie,Southby,zsouthby5e@ibm.com,2024-03-20,2024-03-15,2024-01-14,orBqHg
196,hbrailey5f,4a0f52542c65a35f57bb7c5241aad7060ab9b7f50e393c1687c9dd72e0ac4e4a,Hercule,Brailey,hbrailey5f@furl.net,2023-11-12,2024-06-25,2024-03-13,mX1QXk
197,vthorneloe5g,fa25b57934ea53c1de5a4450ff75ed6ae298503d792f676bd4997c282d8fbd14,Vinnie,Thorneloe,vthorneloe5g@vistaprint.c,2024-08-01,2023-12-11,2023-12-16,ua2Eg2
198,rmawd5h,614ecb0445f6a2eba9484cdcb8f5e87c305f38e67cc5e977f391049ef2d5563b,Rennie,Mawd,rmawd5h@jiathis.com,2024-02-21,2024-03-20,2024-01-26,iYeS9x
199,mjoust5i,f2f63ba8cc733251a1e03ecbb1de5b893c9fe92211c1033c6636d0eab67e23cc,Milzie,Joust,mjoust5i@ox.ac.uk,2024-04-22,2024-01-17,2024-03-15,dXqST4
200,yecclesall5j,6420cbda2685adb151cd1a7302c8db6193bf8183a12e9fede805fa8be73de694,Yancy,Ecclesall,yecclesall5j@unc.edu,2023-11-07,2024-03-13,2023-12-09,KDhk7s
202,Testing,e6367f61bdb948cdb9f4aeed0c9bf5ba6e88067dba60bf6eef7c016a9a9a4c91,Test,vid,testvid@gmail.com,2024-10-29,2024-10-29,2002-02-13,XampLK
