user_id,username,password,first_name,last_name,email,last_access_date,creation_date,date_of_birth
1,mbeddo0,"qY2{1vw,0",Morena,Beddo,mbeddo0@berkeley.edu,2023-10-18,2024-02-14,2024-08-14
2,mlarkin1,eP6=)>pTMrHi1of,Marlane,Larkin,mlarkin1@cnet.com,2024-05-01,2023-12-18,2024-09-28
3,bstaff2,kD6=@FXZFKdyii,Beck,Staff,bstaff2@mashable.com,2024-09-17,2024-09-27,2024-08-12
4,rbuxam3,"hA9=F""=m3hT.vI7H",Rosaline,Buxam,rbuxam3@utexas.edu,2024-06-18,2024-03-11,2024-06-04
5,rmcdonald4,cO2!8DC}c#V,Rockey,McDonald,rmcdonald4@bloglovin.com,2024-08-02,2024-08-10,2024-02-28
6,alane5,wD9\J*e1,Ashia,Lane,alane5@apple.com,2024-05-14,2024-04-10,2024-08-06
7,grobion6,pH2#386~,George,Robion,grobion6@spotify.com,2023-11-16,2024-06-01,2024-04-18
8,rloins7,oZ9~MBnR,Rheta,Loins,rloins7@hubpages.com,2023-11-28,2024-03-07,2024-05-21
9,afoskew8,oP5<(w<B.,Angeline,Foskew,afoskew8@businessweek.com,2024-04-12,2024-07-05,2024-05-30
10,mlembcke9,vW9*$`l0rOK4,Margery,Lembcke,mlembcke9@webeden.co.uk,2023-10-28,2024-04-09,2024-08-12
11,emacanespiea,fL6*ZfiMAP(`,Elvina,MacAnespie,emacanespiea@google.com,2024-04-18,2023-12-11,2024-03-26
12,hbeaneyb,jJ0|+=D5W,Hansiain,Beaney,hbeaneyb@whitehouse.gov,2023-12-03,2024-05-09,2023-11-23
13,fseilmannc,"bX5/,<m=x\\k",Fletch,Seilmann,fseilmannc@ca.gov,2024-05-17,2024-09-11,2024-06-10
14,dloosemored,pY5)zdQt.+rL6s~,Donetta,Loosemore,dloosemored@facebook.com,2024-09-22,2024-03-05,2023-12-17
15,ebrehenye,"pV9`)C7q}+qCN,",Eldridge,Breheny,ebrehenye@homestead.com,2024-06-16,2024-07-04,2024-09-17
16,bpeskinf,mB2|N0K|,Barthel,Peskin,bpeskinf@earthlink.net,2024-05-25,2024-08-05,2023-11-10
17,tpimlettg,"nA6+fq""{9UoOz~<n",Tadd,Pimlett,tpimlettg@yellowbook.com,2024-03-08,2024-08-21,2023-12-08
18,onareyh,gA2`vC&IX,Odelia,Narey,onareyh@addtoany.com,2023-11-20,2023-12-21,2024-07-30
19,hhartyi,qX1'8{Ne8uLDWhZ,Hamil,Harty,hhartyi@so-net.ne.jp,2023-11-28,2024-06-14,2024-07-12
20,cbrandj,hQ6}|Ia`y,Christoforo,Brand,cbrandj@scribd.com,2024-04-14,2024-03-26,2024-03-02
21,ifarnishk,nN8('#3B!HSDirn',Inge,Farnish,ifarnishk@reference.com,2024-05-16,2024-09-10,2023-11-15
22,gkasparl,cE8<\sy4,Gardie,Kaspar,gkasparl@so-net.ne.jp,2024-04-05,2024-02-21,2024-06-17
23,nmccarneym,cM8'R80T#TsJ)@,Noel,McCarney,nmccarneym@smugmug.com,2024-04-18,2023-11-29,2023-12-04
24,smollenen,pA2==hs2pvxR\n,Sherye,Mollene,smollenen@plala.or.jp,2024-03-21,2024-01-29,2024-10-05
25,sbealingo,iR0@+3to@ou.lqbw,Susana,Bealing,sbealingo@over-blog.com,2024-06-27,2024-01-09,2023-12-03
26,ddressellp,uQ3/Sa)}hRn,Duff,Dressell,ddressellp@yahoo.co.jp,2023-10-29,2024-04-15,2024-04-05
27,whartiganq,"kC3<e,GSy5""BRZ",Winnifred,Hartigan,whartiganq@github.io,2024-04-30,2024-08-07,2024-05-14
28,wtakler,tC3$WR4I_,Waring,Takle,wtakler@utexas.edu,2024-03-17,2024-09-15,2024-10-07
29,mlydiards,yI0=ETf+$O.e,Mychal,Lydiard,mlydiards@auda.org.au,2024-01-25,2023-10-19,2024-02-15
30,nbrahamt,uH0/n*}5b20y\N(H,Nadya,Braham,nbrahamt@oracle.com,2023-12-09,2024-09-21,2024-10-08
31,rlilleeu,"kG8,KK|~6*s",Rudiger,Lillee,rlilleeu@goo.ne.jp,2024-01-21,2024-03-19,2024-09-17
32,ttedahlv,aO2*E8mliwj#n0,Tawnya,Tedahl,ttedahlv@sakura.ne.jp,2023-12-24,2024-02-25,2024-05-01
33,smceniryw,vM5(3UYcX,Samson,McEniry,smceniryw@europa.eu,2024-08-13,2024-02-02,2024-07-13
34,bsultanx,oO2)<cAB,Bianca,Sultan,bsultanx@examiner.com,2024-01-12,2024-08-22,2024-07-13
35,fmeinecky,fH0!q)2MMcZKk,Frans,Meineck,fmeinecky@phpbb.com,2024-06-29,2024-03-05,2024-07-29
36,dtreadgoldz,wA6/reP4HD.LF,Desirae,Treadgold,dtreadgoldz@aboutads.info,2024-08-24,2024-05-27,2024-05-24
37,agallyon10,gU2{1v?op,Ancell,Gallyon,agallyon10@techcrunch.com,2024-10-05,2024-05-26,2024-07-23
38,gdecaville11,uG3+5Q~f@i+X~,Greer,De Caville,gdecaville11@vkontakte.ru,2024-03-03,2024-08-08,2023-11-26
39,adoley12,hU2}7x}JPK}eFYF,Ardeen,Doley,adoley12@biglobe.ne.jp,2024-09-12,2024-03-02,2024-10-13
40,ralfonso13,vF1`'ff7gvD|,Rudd,Alfonso,ralfonso13@is.gd,2023-11-28,2024-03-29,2024-01-22
41,ccollens14,"oC8.P38g,",Carey,Collens,ccollens14@boston.com,2023-11-15,2023-11-23,2024-05-20
42,dmanass15,fQ5\'o9sgo?\`v,Donni,Manass,dmanass15@aol.com,2023-12-08,2024-08-18,2024-04-23
43,vivannikov16,"zL4#4e?S7""u%@>+K",Vannie,Ivannikov,vivannikov16@marketwatch.com,2024-05-04,2023-11-14,2024-02-06
44,cloud17,uF3\B*N}L,Cherri,Loud,cloud17@xing.com,2024-02-21,2023-12-18,2024-03-18
45,tgeorgeson18,kP5#<B<6CD,Tilda,Georgeson,tgeorgeson18@multiply.com,2024-01-27,2024-01-14,2024-08-08
46,tdoeg19,nA2/uF{Uv7BzLbTy,Tyrus,Doeg,tdoeg19@indiegogo.com,2023-11-13,2024-06-05,2023-10-30
47,bsymcock1a,"yU8,coc'o=eY$1W",Bree,Symcock,bsymcock1a@github.io,2024-09-28,2024-09-30,2024-06-24
48,hhattiff1b,wY3/P@cah*7$IqL,Harlene,Hattiff,hhattiff1b@prweb.com,2024-08-09,2024-08-31,2023-10-25
49,jklishin1c,hK8.1'D!R,Janot,Klishin,jklishin1c@sun.com,2024-04-07,2024-05-05,2024-05-06
50,bvalentino1d,oZ4>>Pw<..HxqR,Brig,Valentino,bvalentino1d@oaic.gov.au,2024-02-20,2024-05-20,2024-06-14
51,smcginty1e,"xV7,CsUH`j",Simona,McGinty,smcginty1e@feedburner.com,2024-10-02,2024-02-14,2023-12-16
52,nplampin1f,dG9.C171|#,Noni,Plampin,nplampin1f@fema.gov,2023-12-03,2024-08-01,2024-07-09
53,lcregin1g,"dK6/2J',vwY",Lee,Cregin,lcregin1g@hibu.com,2024-05-08,2024-02-08,2024-03-06
54,ehannabuss1h,"sE1<=B""3&H4&/",Eva,Hannabuss,ehannabuss1h@google.cn,2023-11-16,2023-11-25,2024-07-16
55,fwray1i,tP9#mf#up_,Franzen,Wray,fwray1i@hostgator.com,2024-05-14,2024-08-22,2024-08-10
56,rleming1j,"nH4,@y%5(P",Robinson,Leming,rleming1j@geocities.com,2024-07-27,2024-09-17,2024-05-10
57,cpigot1k,"kF4+YC?kX""FnxhJ6",Clive,Pigot,cpigot1k@sakura.ne.jp,2024-09-24,2024-05-31,2024-04-06
58,tmcillroy1l,pE1>arMx}ghsu,Tabina,McIllroy,tmcillroy1l@smugmug.com,2024-01-19,2024-07-08,2024-03-09
59,eachromov1m,"qD7"")2HKu",Eden,Achromov,eachromov1m@about.com,2023-11-27,2024-04-21,2024-10-16
60,rurey1n,"oD9`q,xYP/G",Rakel,Urey,rurey1n@shutterfly.com,2024-09-23,2023-11-29,2024-06-20
61,gcheak1o,hO9/4#K7FQ=l@~,Genevra,Cheak,gcheak1o@wikispaces.com,2024-08-23,2024-03-23,2024-06-12
62,mmillson1p,aB9>Nk}Qv,Marshall,Millson,mmillson1p@howstuffworks.com,2024-04-10,2024-09-18,2023-12-16
63,nlicari1q,cH9=YJo8wQc,Nanice,Licari,nlicari1q@nps.gov,2023-12-18,2024-06-30,2024-08-23
64,bdelahaye1r,jV1*AE(Awg<SN,Brittne,De La Haye,bdelahaye1r@stanford.edu,2024-03-08,2024-01-12,2024-07-22
65,gulyat1s,qW0(B<mR4X?!fK,Garvin,Ulyat,gulyat1s@amazon.co.jp,2023-11-08,2024-06-23,2024-07-02
66,lpeasey1t,"eN2""i{(xRQ",Lenora,Peasey,lpeasey1t@mlb.com,2024-06-08,2023-11-30,2024-08-21
67,adeeney1u,vS5.{l/)ER,Arther,Deeney,adeeney1u@dell.com,2024-08-07,2024-09-27,2024-09-10
68,dmapam1v,cD5(cIbas(Q',Dosi,Mapam,dmapam1v@hubpages.com,2024-09-13,2024-01-18,2024-03-28
69,pmillan1w,bS4|cO.BK`75,Pearle,Millan,pmillan1w@homestead.com,2024-06-04,2024-03-17,2023-10-19
70,cpieper1x,uI3\AXy(!rajN(F|,Clair,Pieper,cpieper1x@blogtalkradio.com,2024-04-12,2024-07-10,2024-01-23
71,emcmorran1y,dG9/2KWo?mG,Earvin,McMorran,emcmorran1y@si.edu,2024-05-15,2023-11-17,2024-05-19
72,tlutzmann1z,jJ2@.QgSd,Tracey,Lutzmann,tlutzmann1z@guardian.co.uk,2024-05-03,2024-03-03,2024-04-28
73,rfarfoot20,nH5)=Af)$'&,Rosabelle,Farfoot,rfarfoot20@addthis.com,2024-05-04,2024-06-01,2024-09-20
74,cranscombe21,"xP9_,qlBZzs|A",Carmina,Ranscombe,cranscombe21@nytimes.com,2024-07-22,2023-12-23,2024-02-07
75,sfielders22,zP6?wVuu#7z,Smitty,Fielders,sfielders22@wikipedia.org,2024-07-10,2023-10-21,2024-03-18
76,spaddon23,jK7//X5$,Stesha,Paddon,spaddon23@jigsy.com,2023-11-28,2024-02-19,2024-07-27
77,fyeoman24,fL9.5*J*.15Ik,Farly,Yeoman,fyeoman24@theatlantic.com,2024-03-13,2024-10-09,2024-08-27
78,smaslin25,rP3>RRL0}_@gP,Silvan,Maslin,smaslin25@opensource.org,2023-12-20,2023-12-17,2023-10-28
79,rsouten26,"lQ5|H`v""h",Raffaello,Souten,rsouten26@taobao.com,2024-04-14,2023-12-19,2024-07-29
80,pingall27,"uW0""K4KHY04$RBj,",Pen,Ingall,pingall27@icio.us,2023-11-05,2024-03-11,2024-06-01
81,rbatchelour28,"kJ9/B(Ud,HEP",Rochella,Batchelour,rbatchelour28@businessinsider.com,2024-08-31,2023-12-27,2024-07-26
82,mkeets29,jE6}L69mj(,Malvina,Keets,mkeets29@elegantthemes.com,2023-11-29,2024-07-14,2024-09-27
83,ftune2a,sG3*aS1i_L_zoAc,Fanya,Tune,ftune2a@theatlantic.com,2024-05-16,2024-04-18,2024-09-08
84,cbrittle2b,mC5`LD!h#5u=,Clement,Brittle,cbrittle2b@fotki.com,2024-01-09,2024-09-13,2024-04-02
85,holiddy2c,"nT1($.R,1>O",Harman,O' Liddy,holiddy2c@amazon.de,2024-07-16,2024-01-06,2024-03-11
86,mdehaven2d,hM4\xi~SKEN,Melly,De Haven,mdehaven2d@businesswire.com,2024-03-09,2023-11-07,2023-12-26
87,mhumes2e,yG0\|1+AkM6,Marcus,Humes,mhumes2e@sfgate.com,2024-07-15,2024-10-11,2024-03-23
88,dgligoraci2f,uB5`*s/4+,Derry,Gligoraci,dgligoraci2f@dmoz.org,2024-03-18,2023-12-21,2024-10-12
89,ehavile2g,wA7\+h58LanS?Dh,Ellynn,Havile,ehavile2g@google.com.hk,2024-02-21,2024-08-26,2023-10-27
90,ryushmanov2h,cD5%S39F*Qe',Ruttger,Yushmanov,ryushmanov2h@istockphoto.com,2024-09-07,2024-01-16,2024-10-02
91,mphear2i,iR8\#d~d7p,Megen,Phear,mphear2i@youku.com,2024-05-24,2024-02-15,2024-06-06
92,gexon2j,"sQ4%N97&0WFzU,",Garik,Exon,gexon2j@google.ca,2024-06-09,2024-07-11,2024-05-05
93,ialoway2k,sP7?`Vm~!ZH,Iggy,Aloway,ialoway2k@nymag.com,2024-09-04,2024-06-21,2023-12-27
94,fdilleway2l,dQ6't@+KASX,Faustina,Dilleway,fdilleway2l@arstechnica.com,2024-05-07,2024-02-23,2024-05-28
95,mscolding2m,iL5(_@'ext,Mercy,Scolding,mscolding2m@squarespace.com,2023-11-20,2023-11-15,2024-06-25
96,sbridgland2n,lS1.x@4V<4{~opwe,Sauveur,Bridgland,sbridgland2n@skyrock.com,2024-03-29,2024-04-23,2024-10-17
97,sopenshaw2o,hN7@.CaQlq><3,Shelley,Openshaw,sopenshaw2o@businessinsider.com,2024-06-03,2024-01-31,2024-01-14
98,sblesli2p,pN6`W*nN3Dl,Shirleen,Blesli,sblesli2p@a8.net,2024-04-12,2024-09-09,2023-10-18
99,sforde2q,vS4.>xFW<JQCMhBC,Sonya,Forde,sforde2q@lulu.com,2024-04-06,2024-05-10,2023-10-28
100,fhanhardt2r,tM8(H.#qz,Friedrick,Hanhardt,fhanhardt2r@dedecms.com,2024-09-11,2024-02-09,2024-06-05
101,isouthernwood2s,uV7!*.iJ%,Iseabal,Southernwood,isouthernwood2s@sakura.ne.jp,2024-08-18,2024-09-27,2024-03-08
102,ffloodgate2t,cZ4.l*)V8\,Filmore,Floodgate,ffloodgate2t@china.com.cn,2023-12-13,2024-10-15,2024-02-28
103,tokill2u,rP5%m@K*hO`9e,Titus,Okill,tokill2u@weebly.com,2024-04-21,2024-08-13,2024-01-17
104,dschubert2v,mD3<u\kf6g,Drucy,Schubert,dschubert2v@163.com,2024-09-14,2024-03-24,2024-03-25
105,plaws2w,kV1~F)L_mEMY&T,Prissie,Laws,plaws2w@spiegel.de,2024-04-21,2024-06-03,2024-01-05
106,eglauber2x,"gP8=Wx/"">~Pq",Edvard,Glauber,eglauber2x@berkeley.edu,2024-06-28,2024-02-14,2024-01-28
107,eforgie2y,rS7<_A/PRDP?=A,Edan,Forgie,eforgie2y@hatena.ne.jp,2024-07-16,2023-11-06,2023-12-22
108,fcrutch2z,aQ0@*)to?yqMlNC,Franni,Crutch,fcrutch2z@hc360.com,2024-07-27,2024-08-11,2024-08-20
109,rlosemann30,wN7\(n{Q`x_r`E,Ricca,Losemann,rlosemann30@gizmodo.com,2024-03-07,2024-05-12,2023-11-21
110,momalley31,nL1|3mQ3,Maxie,O'Malley,momalley31@illinois.edu,2023-11-23,2023-12-22,2023-10-31
111,msidnell32,tW5<2*hxW9ya\LH,Maxi,Sidnell,msidnell32@pbs.org,2024-09-04,2024-03-19,2024-09-24
112,jbeincken33,"oI4#*)Z9Pr!""n",Jed,Beincken,jbeincken33@cbsnews.com,2024-10-16,2024-03-27,2024-01-20
113,eattfield34,uX4}Tdy?z<!ed>Z5,Evania,Attfield,eattfield34@upenn.edu,2024-05-23,2023-12-04,2024-06-07
114,anaulls35,"vW0(!?A2,2vT",Adriena,Naulls,anaulls35@php.net,2024-02-25,2024-09-29,2024-10-13
115,lareles36,eQ6\Q/z5I$T_>,Llewellyn,Areles,lareles36@livejournal.com,2024-03-27,2024-05-15,2023-12-02
116,adigweed37,"vV2)7GLebyxJ,",Annaliese,Digweed,adigweed37@msn.com,2024-05-01,2024-04-17,2024-09-11
117,hfackney38,"nD4""vmodxPcg!a""X",Hillel,Fackney,hfackney38@irs.gov,2024-07-19,2024-10-09,2024-07-21
118,kgatfield39,"xY3?"",m5ux5}Q",Karim,Gatfield,kgatfield39@quantcast.com,2023-11-10,2023-11-08,2024-10-05
119,jhartropp3a,nW8%3=C?t(V,Jolee,Hartropp,jhartropp3a@fastcompany.com,2024-04-30,2023-12-04,2024-09-06
120,platour3b,hX0`(<.L!ES$N,Pammy,Latour,platour3b@cnn.com,2023-12-10,2024-07-29,2023-12-23
121,gsouley3c,"qB1""8vRhz.""R",Gusta,Souley,gsouley3c@slashdot.org,2024-03-18,2024-09-24,2024-02-06
122,lendricci3d,"pZ0}'$gl%""mcx,QC",Lamont,Endricci,lendricci3d@ft.com,2024-07-31,2024-03-18,2024-05-23
123,dbrandom3e,eK3|(b0P1A*G,Denice,Brandom,dbrandom3e@pcworld.com,2023-11-05,2024-05-09,2023-10-26
124,bkobelt3f,"eF5,668wrCa0y",Bud,Kobelt,bkobelt3f@pcworld.com,2024-09-05,2024-04-30,2024-10-05
125,lbeckles3g,xE0}fhS(,Levon,Beckles,lbeckles3g@nhs.uk,2024-03-01,2024-07-21,2023-11-26
126,zjovasevic3h,cC5_)Z+}e6SMYi,Zachary,Jovasevic,zjovasevic3h@gmpg.org,2024-09-26,2024-07-03,2024-09-07
127,slamerton3i,zO2%Ub\'QF2u~T~,Stephie,Lamerton,slamerton3i@cocolog-nifty.com,2024-10-13,2024-04-14,2023-10-22
128,ostothert3j,cS8<y3uA+IA>i0,Olympie,Stothert,ostothert3j@flavors.me,2024-01-23,2023-11-05,2024-10-10
129,cleftridge3k,nC6!kv>yIULHHPk,Cecil,Leftridge,cleftridge3k@360.cn,2024-08-04,2023-11-04,2024-05-02
130,rratter3l,qR7`H}MC9YtW7l,Roderic,Ratter,rratter3l@sphinn.com,2024-06-07,2024-08-16,2024-03-06
131,jimorts3m,"jI4}~u8,xdoZCX",Jade,Imorts,jimorts3m@squidoo.com,2024-03-13,2024-09-14,2024-02-16
132,schessel3n,rB5=<~{Sc$e,Stormie,Chessel,schessel3n@msn.com,2024-08-17,2024-07-22,2024-02-27
133,edebernardi3o,"eP2""j8h<ItO",Ewell,De Bernardi,edebernardi3o@pen.io,2024-04-11,2024-04-16,2024-01-14
134,uleither3p,jL3/X>$.W,Ulric,Leither,uleither3p@ucsd.edu,2024-08-18,2024-04-13,2024-05-21
135,bdefont3q,wI8_@s3(,Brenna,Defont,bdefont3q@comcast.net,2024-05-31,2024-10-06,2024-02-01
136,aferrierio3r,gN0$+O0BP,Allayne,Ferrierio,aferrierio3r@taobao.com,2023-12-18,2024-03-29,2024-09-10
137,wbrolechan3s,"jX1""'Mr?R",Winnie,Brolechan,wbrolechan3s@shareasale.com,2023-12-27,2023-11-30,2024-07-05
138,ggosnell3t,eI9=*{UdzB{,Glenn,Gosnell,ggosnell3t@posterous.com,2024-04-07,2024-08-26,2024-09-08
139,rconry3u,"nB1""j|SnsOS",Robinia,Conry,rconry3u@wufoo.com,2023-10-26,2024-07-17,2024-09-01
140,dmutimer3v,mM4`H%Lz<Gyagx9K,Darcy,Mutimer,dmutimer3v@moonfruit.com,2024-03-15,2024-04-03,2024-01-25
141,sdanahar3w,nA2.?{f+n,Stinky,Danahar,sdanahar3w@prlog.org,2024-05-18,2024-04-08,2024-02-06
142,fhatchell3x,zQ7\vLfJd?7,Franz,Hatchell,fhatchell3x@china.com.cn,2023-11-21,2024-02-05,2024-05-15
143,biley3y,hM3$&A*eW,Barnebas,Iley,biley3y@spotify.com,2023-12-26,2024-03-11,2024-07-24
144,arush3z,xX8+%eN%#?`sL,Adelheid,Rush,arush3z@wufoo.com,2024-08-15,2024-02-21,2023-12-04
145,jdoe40,"gI4@,z4M",Josselyn,Doe,jdoe40@globo.com,2024-02-11,2024-09-29,2024-09-17
146,sscates41,fP9%@eh9,Sonya,Scates,sscates41@sourceforge.net,2024-07-28,2024-09-06,2024-05-19
147,jscanlin42,bN4%jsM}p/3pH,Jeannie,Scanlin,jscanlin42@trellian.com,2024-08-14,2024-02-11,2023-12-25
148,mcristobal43,rH3!ty=PSQF,Marybelle,Cristobal,mcristobal43@shareasale.com,2024-05-01,2024-09-19,2024-09-18
149,msalomon44,dX8+=~f?vkIe|H8,Madelene,Salomon,msalomon44@theatlantic.com,2024-02-13,2024-01-23,2024-01-02
150,jmisk45,sQ2#0n5U{7,Jacquetta,Misk,jmisk45@pinterest.com,2024-01-18,2024-02-04,2024-07-19
151,bhamshaw46,sV3%Z7\eiXE(h,Beulah,Hamshaw,bhamshaw46@webs.com,2023-11-16,2024-02-12,2024-10-09
152,eduligal47,gK6.<zXc9~.kUYK/,Estrellita,Duligal,eduligal47@slideshare.net,2024-09-09,2024-06-01,2024-04-11
153,ctorbard48,fJ0/!kan{#{)i,Chauncey,Torbard,ctorbard48@google.it,2024-03-16,2024-04-17,2024-01-14
154,ctrainer49,rL4&VEdd.0F,Clare,Trainer,ctrainer49@geocities.com,2023-12-10,2023-12-28,2024-04-13
155,fkayes4a,nY5)NluG>CU$,Ferne,Kayes,fkayes4a@yelp.com,2024-08-24,2024-06-17,2024-02-19
156,bbowland4b,vS6{P6`1IIO*u,Blayne,Bowland,bbowland4b@qq.com,2024-05-20,2024-08-09,2024-05-26
157,doxe4c,bB9&>?Zt*,Dion,Oxe,doxe4c@etsy.com,2024-05-17,2024-07-21,2024-09-19
158,bstanyon4d,"bQ6!wF6I)O\6,/""",Bili,Stanyon,bstanyon4d@columbia.edu,2024-07-04,2024-01-26,2024-09-02
159,tverecker4e,mP9#Mn`_X}*<9U,Thalia,Verecker,tverecker4e@amazon.de,2024-03-26,2024-09-21,2024-09-06
160,fcoggan4f,sF8~%wtOR,Fulvia,Coggan,fcoggan4f@liveinternet.ru,2024-05-09,2024-02-21,2024-03-18
161,mangier4g,"qE1""81~9wzf",Mommy,Angier,mangier4g@si.edu,2024-03-24,2024-01-24,2024-09-30
162,echeshire4h,"zZ8%4}amX'""Qlr",Elfrieda,Cheshire,echeshire4h@about.com,2024-06-06,2024-07-20,2023-12-09
163,rbeddall4i,bJ0=fmi%,Ronica,Beddall,rbeddall4i@msn.com,2024-07-20,2024-02-18,2023-12-20
164,hothen4j,qX6#f7L~nL+98,Huey,Othen,hothen4j@economist.com,2024-09-09,2024-09-01,2024-01-03
165,bkalinowsky4k,"aF7(>""f)bvqx*0'",Bonnibelle,Kalinowsky,bkalinowsky4k@flickr.com,2024-06-26,2024-06-02,2024-09-19
166,vcornau4l,kQ9{(a$W,Vanni,Cornau,vcornau4l@wisc.edu,2024-04-17,2024-09-05,2024-01-25
167,bscrowston4m,tI1(R6Xo,Blakelee,Scrowston,bscrowston4m@examiner.com,2024-06-25,2024-07-06,2024-07-08
168,asnashall4n,kR8?OOWRbJ>,Allegra,Snashall,asnashall4n@wufoo.com,2024-03-17,2024-03-12,2024-10-07
169,rbuist4o,vG6\(+sRzckF(pgk,Riobard,Buist,rbuist4o@typepad.com,2024-02-07,2024-03-15,2024-06-03
170,mevert4p,vN6~n/yU6dggz,Maudie,Evert,mevert4p@imageshack.us,2023-10-30,2024-05-07,2024-04-08
171,rervine4q,bN2@B9&16*pSoF4~,Redd,Ervine,rervine4q@blog.com,2024-05-08,2024-09-30,2023-12-17
172,kkorneichuk4r,bC7\B|x6,Kesley,Korneichuk,kkorneichuk4r@nationalgeographic.com,2024-07-08,2024-07-02,2024-03-02
173,cstraine4s,"mJ6>Wz""HrCbehwb",Cyrill,Straine,cstraine4s@google.nl,2024-07-31,2024-07-10,2023-11-12
174,emandrey4t,pT3<i~`*,Eli,Mandrey,emandrey4t@wired.com,2024-05-12,2024-01-05,2024-04-21
175,cpocklington4u,"uC0/""(0Hq|bjX",Cynde,Pocklington,cpocklington4u@upenn.edu,2024-05-22,2024-07-12,2024-10-03
176,hinsworth4v,pK5`~\\KU(L6,Hertha,Insworth,hinsworth4v@ezinearticles.com,2024-06-01,2023-11-07,2024-07-12
177,ksieghard4w,hW9#j\VNQ4@,Kirstyn,Sieghard,ksieghard4w@cpanel.net,2024-09-30,2024-05-17,2024-08-24
178,zevamy4x,tA4~/Zk8Y,Zared,Evamy,zevamy4x@cnet.com,2024-06-25,2024-06-08,2024-10-04
179,amalin4y,vO2#o?fXVs*NF%p=,Aeriel,Malin,amalin4y@qq.com,2023-11-05,2024-04-06,2024-04-14
180,ltipple4z,sA1?}gUEE5*>,Lissie,Tipple,ltipple4z@princeton.edu,2024-07-23,2024-08-18,2023-11-30
181,aseiler50,eM2&tK@&Sw,Alard,Seiler,aseiler50@nps.gov,2024-09-09,2024-10-13,2024-04-04
182,jcotgrove51,"bU6>!i,g4I1kE",Janaye,Cotgrove,jcotgrove51@cocolog-nifty.com,2024-07-04,2023-12-20,2024-06-02
183,bjodkowski52,kS1_}A&_L(4|YS0<,Brittany,Jodkowski,bjodkowski52@nifty.com,2024-10-11,2024-08-27,2023-12-04
184,dandreini53,"rS1='""J3$T{8wp",Delphinia,Andreini,dandreini53@woothemes.com,2024-01-21,2023-10-23,2024-06-06
185,lchilver54,pB8.zrJ5NdV8*,Lind,Chilver,lchilver54@delicious.com,2024-03-15,2024-06-09,2023-11-27
186,smeachan55,sL0(JkZ/{/,Saleem,Meachan,smeachan55@dropbox.com,2024-07-09,2024-08-21,2024-05-11
187,lsamsworth56,cH7=31Tr,Louise,Samsworth,lsamsworth56@sbwire.com,2024-06-26,2024-10-17,2024-08-13
188,tchisolm57,mW1/+tSumu,Tymothy,Chisolm,tchisolm57@nymag.com,2024-03-29,2024-05-15,2023-12-18
189,esisneros58,kJ9$aQe`!MCy,Emily,Sisneros,esisneros58@elpais.com,2023-11-29,2023-12-25,2024-03-13
190,shantusch59,sI3+yzEI,Sarina,Hantusch,shantusch59@wix.com,2024-02-26,2024-02-21,2024-04-23
191,klillie5a,sT7_`zWmxf%sl,Kikelia,Lillie,klillie5a@de.vu,2023-11-29,2024-01-08,2023-11-30
192,agrestye5b,"bL3""J2FFYa",Ajay,Grestye,agrestye5b@joomla.org,2024-04-14,2024-07-25,2024-09-18
193,cperle5c,"qX5*F""Q*{",Corliss,Perle,cperle5c@ed.gov,2024-06-21,2024-10-16,2023-12-22
194,wjenoure5d,pV0_PPMnUHG\7,Wrennie,Jenoure,wjenoure5d@liveinternet.ru,2023-12-17,2024-05-26,2023-12-25
195,zsouthby5e,qA0}J2'IV,Zacherie,Southby,zsouthby5e@ibm.com,2024-03-20,2024-03-15,2024-01-14
196,hbrailey5f,wE8+qtM3k*D4,Hercule,Brailey,hbrailey5f@furl.net,2023-11-12,2024-06-25,2024-03-13
197,vthorneloe5g,nR1'=V@Ry8}vl,Vinnie,Thorneloe,vthorneloe5g@vistaprint.com,2024-08-01,2023-12-11,2023-12-16
198,rmawd5h,bT9&AFjsu|t/36(,Rennie,Mawd,rmawd5h@jiathis.com,2024-02-21,2024-03-20,2024-01-26
199,mjoust5i,iW5@6#/<wz}=%Fw=,Milzie,Joust,mjoust5i@ox.ac.uk,2024-04-22,2024-01-17,2024-03-15
200,yecclesall5j,"sH1>J""K~jLin@p",Yancy,Ecclesall,yecclesall5j@unc.edu,2023-11-07,2024-03-13,2023-12-09
