playlist_id,name,user_id
1,Playlist_1,156
2,Playlist_2,175
3,Playlist_3,27
4,Playlist_4,156
5,Playlist_5,188
6,Playlist_6,30
7,Playlist_7,101
8,Playlist_8,111
9,Playlist_9,111
10,Playlist_10,70
11,Playlist_11,70
12,Playlist_12,187
13,Playlist_13,117
14,Playlist_14,64
15,Playlist_15,143
16,Playlist_16,1
17,Playlist_17,79
18,Playlist_18,83
19,Playlist_19,92
20,Playlist_20,105
21,Playlist_21,142
22,Playlist_22,28
23,Playlist_23,6
24,Playlist_24,92
25,Playlist_25,166
26,Playlist_26,93
27,Playlist_27,196
28,Playlist_28,153
29,Playlist_29,196
30,Playlist_30,175
31,Playlist_31,119
32,Playlist_32,131
33,Playlist_33,45
34,Playlist_34,43
35,Playlist_35,155
36,Playlist_36,17
37,Playlist_37,164
38,Playlist_38,159
39,Playlist_39,15
40,Playlist_40,94
41,Playlist_41,121
42,Playlist_42,70
43,Playlist_43,119
44,Playlist_44,155
45,Playlist_45,38
46,Playlist_46,107
47,Playlist_47,54
48,Playlist_48,109
49,Playlist_49,94
50,Playlist_50,171
51,Playlist_51,39
52,Playlist_52,4
53,Playlist_53,87
54,Playlist_54,33
55,Playlist_55,117
56,Playlist_56,5
57,Playlist_57,87
58,Playlist_58,166
59,Playlist_59,121
60,Playlist_60,26
61,Playlist_61,76
62,Playlist_62,102
63,Playlist_63,177
64,Playlist_64,143
65,Playlist_65,41
66,Playlist_66,177
67,Playlist_67,83
68,Playlist_68,200
69,Playlist_69,165
70,Playlist_70,113
71,Playlist_71,117
72,Playlist_72,11
73,Playlist_73,14
74,Playlist_74,196
75,Playlist_75,120
76,Playlist_76,171
77,Playlist_77,38
78,Playlist_78,42
79,Playlist_79,180
80,Playlist_80,77
81,Playlist_81,120
82,Playlist_82,14
83,Playlist_83,3
84,Playlist_84,56
85,Playlist_85,29
86,Playlist_86,96
87,Playlist_87,91
88,Playlist_88,56
89,Playlist_89,148
90,Playlist_90,104
91,Playlist_91,145
92,Playlist_92,44
93,Playlist_93,65
94,Playlist_94,8
95,Playlist_95,177
96,Playlist_96,153
97,Playlist_97,191
98,Playlist_98,39
99,Playlist_99,193
100,Playlist_100,93
101,Playlist_101,76
102,Playlist_102,177
103,Playlist_103,24
104,Playlist_104,166
105,Playlist_105,57
106,Playlist_106,186
107,Playlist_107,11
108,Playlist_108,108
109,Playlist_109,164
110,Playlist_110,155
111,Playlist_111,168
112,Playlist_112,169
113,Playlist_113,166
114,Playlist_114,154
115,Playlist_115,97
116,Playlist_116,89
117,Playlist_117,139
118,Playlist_118,30
119,Playlist_119,199
120,Playlist_120,36
121,Playlist_121,155
122,Playlist_122,93
123,Playlist_123,126
124,Playlist_124,167
125,Playlist_125,160
126,Playlist_126,98
127,Playlist_127,54
128,Playlist_128,67
129,Playlist_129,96
130,Playlist_130,79
131,Playlist_131,150
132,Playlist_132,61
133,Playlist_133,4
134,Playlist_134,76
135,Playlist_135,200
136,Playlist_136,116
137,Playlist_137,103
138,Playlist_138,142
139,Playlist_139,117
140,Playlist_140,119
141,Playlist_141,49
142,Playlist_142,116
143,Playlist_143,6
144,Playlist_144,81
145,Playlist_145,118
146,Playlist_146,170
147,Playlist_147,160
148,Playlist_148,99
149,Playlist_149,110
150,Playlist_150,137
151,Playlist_151,188
152,Playlist_152,150
153,Playlist_153,163
154,Playlist_154,118
155,Playlist_155,136
156,Playlist_156,125
157,Playlist_157,122
158,Playlist_158,91
159,Playlist_159,167
160,Playlist_160,128
161,Playlist_161,145
162,Playlist_162,140
163,Playlist_163,62
164,Playlist_164,122
165,Playlist_165,35
166,Playlist_166,107
167,Playlist_167,185
168,Playlist_168,168
169,Playlist_169,115
170,Playlist_170,24
171,Playlist_171,80
172,Playlist_172,102
173,Playlist_173,119
174,Playlist_174,19
175,Playlist_175,80
176,Playlist_176,32
177,Playlist_177,94
178,Playlist_178,51
179,Playlist_179,108
180,Playlist_180,180
181,Playlist_181,60
182,Playlist_182,33
183,Playlist_183,129
184,Playlist_184,80
185,Playlist_185,200
186,Playlist_186,193
187,Playlist_187,117
188,Playlist_188,199
189,Playlist_189,113
190,Playlist_190,122
191,Playlist_191,109
192,Playlist_192,60
193,Playlist_193,200
194,Playlist_194,158
195,Playlist_195,105
196,Playlist_196,82
197,Playlist_197,199
198,Playlist_198,185
199,Playlist_199,119
200,Playlist_200,69
